Trade number,Instrument,Account,Strategy,Market pos.,Qty,Entry price,Exit price,Entry time,Exit time,Entry name,Exit name,Profit,Cum. net profit,Commission,Clearing Fee,Exchange Fee,IP Fee,NFA Fee,MAE,MFE,ETD,Bars,
1,MNQ 09-26,Backtest,FluxTrade_Kraken,Long,15,26396.75,26381.75,1/15/2026 9:58:02 AM,1/15/2026 9:58:21 AM,LongKraken,Stop loss,($478.50),($478.50),$28.50,$0.00,$0.00,$0.00,$0.00,$450.00,$75.00,$553.50,7,
2,MNQ 09-26,Backtest,FluxTrade_Kraken,Long,15,25806.25,25806.25,2/10/2026 9:45:59 AM,2/10/2026 9:47:13 AM,LongKraken,Stop loss,($28.50),($507.00),$28.50,$0.00,$0.00,$0.00,$0.00,$232.50,$562.50,$591.00,35,
3,MNQ 09-26,Backtest,FluxTrade_Kraken,Long,15,25894.00,25894.00,2/11/2026 9:47:51 AM,2/11/2026 9:49:18 AM,LongKraken,Stop loss,($28.50),($535.50),$28.50,$0.00,$0.00,$0.00,$0.00,$120.00,$877.50,$906.00,47,
4,MNQ 09-26,Backtest,FluxTrade_Kraken,Short,15,25025.50,25025.50,2/17/2026 9:58:02 AM,2/17/2026 9:58:24 AM,ShortKraken,Stop loss,($28.50),($564.00),$28.50,$0.00,$0.00,$0.00,$0.00,$120.00,$412.50,$441.00,13,
5,MNQ 09-26,Backtest,FluxTrade_Kraken,Short,15,25404.50,25407.25,2/20/2026 9:59:59 AM,2/20/2026 10:00:00 AM,ShortKraken,Stop loss,($111.00),($675.00),$28.50,$0.00,$0.00,$0.00,$0.00,$405.00,$195.00,$306.00,23,
6,MNQ 09-26,Backtest,FluxTrade_Kraken,Long,15,25423.25,25408.25,2/24/2026 9:54:45 AM,2/24/2026 9:55:16 AM,LongKraken,Stop loss,($478.50),($1153.50),$28.50,$0.00,$0.00,$0.00,$0.00,$450.00,$150.00,$628.50,14,
7,MNQ 09-26,Backtest,FluxTrade_Kraken,Short,15,25375.50,25390.50,2/27/2026 9:45:43 AM,2/27/2026 9:46:14 AM,ShortKrakenReverse,Stop loss,($478.50),($1632.00),$28.50,$0.00,$0.00,$0.00,$0.00,$450.00,$352.50,$831.00,21,
8,MNQ 09-26,Backtest,FluxTrade_Kraken,Long,15,25411.75,25396.75,2/27/2026 9:52:43 AM,2/27/2026 9:53:05 AM,LongKraken,Stop loss,($478.50),($2110.50),$28.50,$0.00,$0.00,$0.00,$0.00,$450.00,$52.50,$531.00,8,
9,MNQ 09-26,Backtest,FluxTrade_Kraken,Long,15,25636.75,25636.75,3/5/2026 9:54:27 AM,3/5/2026 9:55:37 AM,LongKraken,Stop loss,($28.50),($2139.00),$28.50,$0.00,$0.00,$0.00,$0.00,$15.00,$720.00,$748.50,33,
10,MNQ 09-26,Backtest,FluxTrade_Kraken,Long,15,24886.00,24885.75,3/9/2026 9:47:33 AM,3/9/2026 9:49:35 AM,LongKraken,Stop loss,($36.00),($2175.00),$28.50,$0.00,$0.00,$0.00,$0.00,$90.00,$1087.50,$1123.50,71,
11,MNQ 09-26,Backtest,FluxTrade_Kraken,Long,15,25559.25,25544.25,3/11/2026 9:50:20 AM,3/11/2026 9:50:41 AM,LongKraken,Stop loss,($478.50),($2653.50),$28.50,$0.00,$0.00,$0.00,$0.00,$450.00,$105.00,$583.50,10,
12,MNQ 09-26,Backtest,FluxTrade_Kraken,Short,15,25250.75,25265.75,3/13/2026 9:51:38 AM,3/13/2026 9:52:22 AM,ShortKraken,Stop loss,($478.50),($3132.00),$28.50,$0.00,$0.00,$0.00,$0.00,$450.00,$97.50,$576.00,9,
13,MNQ 09-26,Backtest,FluxTrade_Kraken,Long,15,25195.50,25180.50,3/16/2026 9:39:58 AM,3/16/2026 9:40:03 AM,LongKraken,Stop loss,($478.50),($3610.50),$28.50,$0.00,$0.00,$0.00,$0.00,$450.00,$15.00,$493.50,6,
14,MNQ 09-26,Backtest,FluxTrade_Kraken,Short,15,25258.25,25273.25,3/18/2026 9:39:49 AM,3/18/2026 9:40:51 AM,ShortKraken,Stop loss,($478.50),($4089.00),$28.50,$0.00,$0.00,$0.00,$0.00,$450.00,$165.00,$643.50,15,
15,MNQ 09-26,Backtest,FluxTrade_Kraken,Short,15,24410.75,24410.75,4/1/2026 9:52:03 AM,4/1/2026 9:52:43 AM,ShortKrakenReverse,Stop loss,($28.50),($4117.50),$28.50,$0.00,$0.00,$0.00,$0.00,$67.50,$697.50,$726.00,21,
16,MNQ 09-26,Backtest,FluxTrade_Kraken,Short,15,24660.25,24675.25,4/6/2026 9:50:19 AM,4/6/2026 9:50:50 AM,ShortKraken,Stop loss,($478.50),($4596.00),$28.50,$0.00,$0.00,$0.00,$0.00,$450.00,$262.50,$741.00,14,
17,MNQ 09-26,Backtest,FluxTrade_Kraken,Short,15,24497.00,24497.00,4/7/2026 9:41:11 AM,4/7/2026 9:42:00 AM,ShortKraken,Stop loss,($28.50),($4624.50),$28.50,$0.00,$0.00,$0.00,$0.00,$390.00,$405.00,$433.50,27,
18,MNQ 09-26,Backtest,FluxTrade_Kraken,Short,15,27519.25,27464.25,4/28/2026 9:50:06 AM,4/28/2026 9:55:11 AM,ShortKraken,Profit target,$1621.50,($3003.00),$28.50,$0.00,$0.00,$0.00,$0.00,$390.00,$1650.00,$28.50,64,
19,MNQ 09-26,Backtest,FluxTrade_Kraken,Short,15,29500.00,29445.00,5/13/2026 9:45:08 AM,5/13/2026 9:46:18 AM,ShortKraken,Profit target,$1621.50,($1381.50),$28.50,$0.00,$0.00,$0.00,$0.00,$195.00,$1650.00,$28.50,49,
20,MNQ 09-26,Backtest,FluxTrade_Kraken,Short,15,30179.50,30179.50,6/5/2026 9:48:43 AM,6/5/2026 9:49:15 AM,ShortKraken,Stop loss,($28.50),($1410.00),$28.50,$0.00,$0.00,$0.00,$0.00,$142.50,$315.00,$343.50,13,
21,MNQ 09-26,Backtest,FluxTrade_Kraken,Short,15,29243.75,29243.75,6/10/2026 9:40:04 AM,6/10/2026 9:40:42 AM,ShortKraken,Stop loss,($28.50),($1438.50),$28.50,$0.00,$0.00,$0.00,$0.00,$277.50,$615.00,$643.50,53,
22,MNQ 09-26,Backtest,FluxTrade_Kraken,Long,15,29666.50,29721.50,6/24/2026 9:50:02 AM,6/24/2026 9:50:32 AM,LongKraken,Profit target,$1621.50,$183.00,$28.50,$0.00,$0.00,$0.00,$0.00,$90.00,$1650.00,$28.50,58,
23,MNQ 09-26,Backtest,FluxTrade_Kraken,Short,15,29786.00,29801.00,6/25/2026 9:45:15 AM,6/25/2026 9:45:16 AM,ShortKraken,Stop loss,($478.50),($295.50),$28.50,$0.00,$0.00,$0.00,$0.00,$450.00,$7.50,$486.00,6,
24,MNQ 09-26,Backtest,FluxTrade_Kraken,Long,15,30150.00,30149.75,7/1/2026 9:44:09 AM,7/1/2026 9:44:15 AM,LongKraken,Stop loss,($36.00),($331.50),$28.50,$0.00,$0.00,$0.00,$0.00,$172.50,$277.50,$313.50,9,
25,MNQ 09-26,Backtest,FluxTrade_Kraken,Long,15,30124.50,30179.50,7/1/2026 9:45:14 AM,7/1/2026 9:46:04 AM,LongKraken,Profit target,$1621.50,$1290.00,$28.50,$0.00,$0.00,$0.00,$0.00,$45.00,$1650.00,$28.50,90,
26,MNQ 09-26,Backtest,FluxTrade_Kraken,Short,15,29910.25,29855.25,7/6/2026 9:41:26 AM,7/6/2026 9:42:22 AM,ShortKraken,Profit target,$1621.50,$2911.50,$28.50,$0.00,$0.00,$0.00,$0.00,$435.00,$1650.00,$28.50,74,
27,MNQ 09-26,Backtest,FluxTrade_Kraken,Short,15,29452.50,29452.50,7/7/2026 9:58:47 AM,7/7/2026 9:59:06 AM,ShortKraken,Stop loss,($28.50),$2883.00,$28.50,$0.00,$0.00,$0.00,$0.00,$22.50,$727.50,$756.00,23,
28,MNQ 09-26,Backtest,FluxTrade_Kraken,Short,15,29775.50,29775.50,7/14/2026 9:39:57 AM,7/14/2026 9:40:45 AM,ShortKraken,Stop loss,($28.50),$2854.50,$28.50,$0.00,$0.00,$0.00,$0.00,$37.50,$870.00,$898.50,56,
29,MNQ 09-26,Backtest,FluxTrade_Kraken,Short,15,28483.50,28498.50,7/17/2026 9:47:58 AM,7/17/2026 9:48:12 AM,ShortKrakenReverse,Stop loss,($478.50),$2376.00,$28.50,$0.00,$0.00,$0.00,$0.00,$450.00,$75.00,$553.50,17,
30,MNQ 09-26,Backtest,FluxTrade_Kraken,Long,15,28486.50,28486.50,7/24/2026 9:45:02 AM,7/24/2026 9:45:12 AM,LongKraken,Stop loss,($28.50),$2347.50,$28.50,$0.00,$0.00,$0.00,$0.00,$172.50,$352.50,$381.00,10,
31,MNQ 09-26,Backtest,FluxTrade_Kraken,Short,15,27880.00,27895.25,7/29/2026 9:42:27 AM,7/29/2026 9:42:34 AM,ShortKraken,Stop loss,($486.00),$1861.50,$28.50,$0.00,$0.00,$0.00,$0.00,$457.50,$172.50,$658.50,11,
32,MNQ 09-26,Backtest,FluxTrade_Kraken,Short,15,28106.00,28121.00,7/30/2026 9:58:02 AM,7/30/2026 9:58:54 AM,ShortKraken,Stop loss,($478.50),$1383.00,$28.50,$0.00,$0.00,$0.00,$0.00,$450.00,$330.00,$808.50,25,
33,MNQ 09-26,Backtest,FluxTrade_Kraken,Long,15,28340.75,28340.75,7/31/2026 9:48:54 AM,7/31/2026 9:49:03 AM,LongKraken,Stop loss,($28.50),$1354.50,$28.50,$0.00,$0.00,$0.00,$0.00,$82.50,$675.00,$703.50,27,
34,MNQ 09-26,Backtest,FluxTrade_Kraken,Short,15,28408.00,28408.75,7/31/2026 9:57:12 AM,7/31/2026 9:57:14 AM,ShortKrakenReverse,Stop loss,($51.00),$1303.50,$28.50,$0.00,$0.00,$0.00,$0.00,$142.50,$165.00,$216.00,5,
35,MNQ 09-26,Backtest,FluxTrade_Kraken,Short,15,28508.25,28508.25,8/3/2026 9:48:57 AM,8/3/2026 9:49:08 AM,ShortKraken,Stop loss,($28.50),$1275.00,$28.50,$0.00,$0.00,$0.00,$0.00,$135.00,$532.50,$561.00,24,
36,MNQ 09-26,Backtest,FluxTrade_Kraken,Short,15,29413.50,29413.50,8/4/2026 9:40:14 AM,8/4/2026 9:41:05 AM,ShortKrakenReverse,Stop loss,($28.50),$1246.50,$28.50,$0.00,$0.00,$0.00,$0.00,$60.00,$870.00,$898.50,33,
37,MNQ 09-26,Backtest,FluxTrade_Kraken,Short,15,29443.25,29458.25,8/4/2026 9:49:35 AM,8/4/2026 9:49:56 AM,ShortKraken,Stop loss,($478.50),$768.00,$28.50,$0.00,$0.00,$0.00,$0.00,$450.00,$45.00,$523.50,7,
38,MNQ 09-26,Backtest,FluxTrade_Kraken,Long,15,29890.75,29890.75,8/12/2026 9:43:09 AM,8/12/2026 9:43:44 AM,LongKraken,Stop loss,($28.50),$739.50,$28.50,$0.00,$0.00,$0.00,$0.00,$352.50,$270.00,$298.50,19,
39,MNQ 09-26,Backtest,FluxTrade_Kraken,Long,15,30219.50,30219.50,8/17/2026 9:51:12 AM,8/17/2026 9:58:54 AM,LongKraken,Stop loss,($28.50),$711.00,$28.50,$0.00,$0.00,$0.00,$0.00,$82.50,$1057.50,$1086.00,95,
40,MNQ 09-26,Backtest,FluxTrade_Kraken,Short,15,29502.00,29502.00,8/27/2026 9:48:51 AM,8/27/2026 9:50:10 AM,ShortKraken,Stop loss,($28.50),$682.50,$28.50,$0.00,$0.00,$0.00,$0.00,$7.50,$1507.50,$1536.00,56,
